{
  "__type__": "cc.SpriteFrame",
  "content": {
    "name": "number",
    "atlas": "",
    "rect": {
      "x": 4,
      "y": 0,
      "width": 680,
      "height": 90
    },
    "offset": {
      "x": -5,
      "y": 0
    },
    "originalSize": {
      "width": 698,
      "height": 90
    },
    "rotated": false,
    "capInsets": [
      0,
      0,
      0,
      0
    ],
    "vertices": {
      "rawPosition": [
        -340,
        -45,
        0,
        340,
        -45,
        0,
        -340,
        45,
        0,
        340,
        45,
        0
      ],
      "indexes": [
        0,
        1,
        2,
        2,
        1,
        3
      ],
      "uv": [
        4,
        90,
        684,
        90,
        4,
        0,
        684,
        0
      ],
      "nuv": [
        0.0057306590257879654,
        0,
        0.9799426934097422,
        0,
        0.0057306590257879654,
        1,
        0.9799426934097422,
        1
      ],
      "minPos": {
        "x": -340,
        "y": -45,
        "z": 0
      },
      "maxPos": {
        "x": 340,
        "y": 45,
        "z": 0
      }
    },
    "texture": "546d0f50-275a-4c72-99f4-dc7fd971df40@6c48a",
    "packable": true,
    "pixelsToUnit": 100,
    "pivot": {
      "x": 0.5,
      "y": 0.5
    },
    "meshType": 0
  }
}