{
  "__type__": "cc.SpriteFrame",
  "content": {
    "name": "text_game_over",
    "atlas": "",
    "rect": {
      "x": 6,
      "y": 2,
      "width": 192,
      "height": 42
    },
    "offset": {
      "x": 0,
      "y": 4
    },
    "originalSize": {
      "width": 204,
      "height": 54
    },
    "rotated": false,
    "capInsets": [
      0,
      0,
      0,
      0
    ],
    "vertices": {
      "rawPosition": [
        -96,
        -21,
        0,
        96,
        -21,
        0,
        -96,
        21,
        0,
        96,
        21,
        0
      ],
      "indexes": [
        0,
        1,
        2,
        2,
        1,
        3
      ],
      "uv": [
        6,
        52,
        198,
        52,
        6,
        10,
        198,
        10
      ],
      "nuv": [
        0.029411764705882353,
        0.18518518518518517,
        0.9705882352941176,
        0.18518518518518517,
        0.029411764705882353,
        0.9629629629629629,
        0.9705882352941176,
        0.9629629629629629
      ],
      "minPos": {
        "x": -96,
        "y": -21,
        "z": 0
      },
      "maxPos": {
        "x": 96,
        "y": 21,
        "z": 0
      }
    },
    "texture": "46e37a38-c1dd-4f64-8139-92b593ec2139@6c48a",
    "packable": true,
    "pixelsToUnit": 100,
    "pivot": {
      "x": 0.5,
      "y": 0.5
    },
    "meshType": 0
  }
}