{
  "__type__": "cc.SpriteFrame",
  "content": {
    "name": "button_play",
    "atlas": "",
    "rect": {
      "x": 6,
      "y": 3,
      "width": 104,
      "height": 58
    },
    "offset": {
      "x": 0,
      "y": 3
    },
    "originalSize": {
      "width": 116,
      "height": 70
    },
    "rotated": false,
    "capInsets": [
      0,
      0,
      0,
      0
    ],
    "vertices": {
      "rawPosition": [
        -52,
        -29,
        0,
        52,
        -29,
        0,
        -52,
        29,
        0,
        52,
        29,
        0
      ],
      "indexes": [
        0,
        1,
        2,
        2,
        1,
        3
      ],
      "uv": [
        6,
        67,
        110,
        67,
        6,
        9,
        110,
        9
      ],
      "nuv": [
        0.05172413793103448,
        0.12857142857142856,
        0.9482758620689655,
        0.12857142857142856,
        0.05172413793103448,
        0.9571428571428572,
        0.9482758620689655,
        0.9571428571428572
      ],
      "minPos": {
        "x": -52,
        "y": -29,
        "z": 0
      },
      "maxPos": {
        "x": 52,
        "y": 29,
        "z": 0
      }
    },
    "texture": "9f3c4f14-f726-4ba9-950d-28c573dfd629@6c48a",
    "packable": true,
    "pixelsToUnit": 100,
    "pivot": {
      "x": 0.5,
      "y": 0.5
    },
    "meshType": 0
  }
}