{
  "__version__": "1.0.0",
  "gizmos-infos": {
    "is2D": false,
    "is3DIcon": false,
    "iconSize": 2,
    "gridVisible": true,
    "gridColor": [
      150,
      150,
      150,
      255
    ],
    "isIconGizmo3D": false,
    "iconGizmoSize": 2,
    "isGridVisible": true
  },
  "camera": {
    "fov": 45,
    "far": 10000,
    "near": 0.01,
    "color": [
      48,
      48,
      48,
      255
    ],
    "wheelSpeed": 0.01,
    "wanderSpeed": 10,
    "enableAcceleration": true,
    "far2D": 10000,
    "near2D": 1,
    "wheelSpeed2D": 6
  },
  "camera-infos": {
    "f46876e4-e81b-4931-b493-6d367be385e7": {
      "position": {
        "x": 50,
        "y": 50,
        "z": 50
      },
      "rotation": {
        "x": -0.27984814233312133,
        "y": 0.3647051996310009,
        "z": 0.11591689595929514,
        "w": 0.8804762392171493
      },
      "viewCenter": {
        "x": 0,
        "y": 0,
        "z": 0
      }
    },
    "17e6131e-08c8-45d9-b41b-d15a57609bf4": {
      "position": {
        "x": 489.6943113294338,
        "y": 328.89420520908016,
        "z": 1008.3614258082146
      },
      "rotation": {
        "x": -0.015292821366519823,
        "y": -0.010882619395831256,
        "z": -0.00016645528055630213,
        "w": 0.9998238197314451
      },
      "viewCenter": {
        "x": 490.03345868563645,
        "y": 328.4174497480443,
        "z": 992.7839522229169
      }
    },
    "beb2a1ae-8fd2-4666-a256-ef7590646160": {
      "position": {
        "x": 804.7519009103718,
        "y": 1656.4177313976809,
        "z": 2497.488432153506
      },
      "rotation": {
        "x": -0.13462270232819284,
        "y": 0.024431205864667828,
        "z": 0.0033202740424194722,
        "w": 0.9905901296600426
      },
      "viewCenter": {
        "x": 678.9451776274839,
        "y": 949.7137912385657,
        "z": -51.446712518537424
      }
    },
    "f98039cf-fa85-42ba-a31d-32946fdcce5d": {
      "position": {
        "x": 1182.8083260735832,
        "y": 1883.6858614362598,
        "z": 2065.865382964269
      },
      "rotation": {
        "x": -0.1727231806823018,
        "y": 0.13256933772937335,
        "z": 0.023467444208904883,
        "w": 0.9757260641714076
      },
      "viewCenter": {
        "x": 403.56044133598266,
        "y": 816.2199247723057,
        "z": -748.8759039456211
      }
    }
  },
  "camera-uuids": [
    "f98039cf-fa85-42ba-a31d-32946fdcce5d"
  ],
  "float-window": {
    "position": {
      "cc": {
        "Camera": {
          "dock": false,
          "top": null,
          "bottom": 10,
          "left": null,
          "right": 10
        }
      }
    }
  },
  "game-view": {
    "scaleValue": 37,
    "sliderValue": 15
  }
}
